{
  "qerror_median": 4.36039232758766,
  "qerror_mean": 355.2197881238603,
  "qerror_10": 1.4325972729566372,
  "qerror_25": 2.151283166813153,
  "qerror_75": 10.01201923076923,
  "qerror_90": 66.45991230936407,
  "mse": 9094536493223696.0,
  "rmsd": 95365279.28561682,
  "nrmsd": 0.007749591226907887,
  "monom_median": 1.0,
  "monom_mean": 0.8911079597678511
}