{
  "qerror_median": 6.132642513880326,
  "qerror_mean": 246.33181619361127,
  "qerror_10": 1.40458078866943,
  "qerror_25": 2.1684441063632987,
  "qerror_75": 28.907323395981855,
  "qerror_90": 286.4573012939002,
  "mse": 9679714782669000.0,
  "rmsd": 98385541.5326307,
  "nrmsd": 0.007995024344576634,
  "monom_median": 1.0,
  "monom_mean": 0.889886814254576
}