{
  "qerror_median": 5.252972258916777,
  "qerror_mean": 63.86111603569549,
  "qerror_10": 1.2967509025270758,
  "qerror_25": 1.9986303849391385,
  "qerror_75": 30.912642378844794,
  "qerror_90": 144.28434561221437,
  "mse": 9901875258521030.0,
  "rmsd": 99508166.79308805,
  "nrmsd": 0.008086251329226777,
  "monom_median": 1.0,
  "monom_mean": 0.9052890044381418
}