{
  "qerror_median": 5.594036697247707,
  "qerror_mean": 82.41594543538294,
  "qerror_10": 1.77218571608133,
  "qerror_25": 2.4569307705790715,
  "qerror_75": 26.84804501751354,
  "qerror_90": 116.95046295083947,
  "mse": 9773143323811762.0,
  "rmsd": 98859209.60543717,
  "nrmsd": 0.008033515648424167,
  "monom_median": 1.0,
  "monom_mean": 0.9061556238346595
}