{
  "qerror_median": 5.08629191502145,
  "qerror_mean": 475.7942470249755,
  "qerror_10": 1.5108992595481892,
  "qerror_25": 2.276328718158338,
  "qerror_75": 11.27223098401812,
  "qerror_90": 46.27197814568994,
  "mse": 9629534098606078.0,
  "rmsd": 98130189.53719634,
  "nrmsd": 0.007974273882789963,
  "monom_median": 1.0,
  "monom_mean": 0.8991964074686836
}