{
  "qerror_median": 5.778765334948462,
  "qerror_mean": 98.86688227769584,
  "qerror_10": 1.4596613310261097,
  "qerror_25": 2.4347601413591944,
  "qerror_75": 19.76568952378571,
  "qerror_90": 81.54601807102333,
  "mse": 9981827283691342.0,
  "rmsd": 99909095.09995244,
  "nrmsd": 0.008118831640559897,
  "monom_median": 1.0,
  "monom_mean": 0.9167257543527929
}