{
  "qerror_median": 5.487862010221465,
  "qerror_mean": 227.47575288098017,
  "qerror_10": 1.273890753173428,
  "qerror_25": 1.853114093366728,
  "qerror_75": 14.87365661306847,
  "qerror_90": 50.375,
  "mse": 1.0238399352680584e+16,
  "rmsd": 101184975.92370413,
  "nrmsd": 0.008222512507563003,
  "monom_median": 1.0,
  "monom_mean": 0.9088211350087975
}