{
  "qerror_median": 5.903350896627431,
  "qerror_mean": 391.96381451104133,
  "qerror_10": 1.300023309064484,
  "qerror_25": 2.304372745369931,
  "qerror_75": 15.659159397303727,
  "qerror_90": 54.32056106739651,
  "mse": 1.0066743460401662e+16,
  "rmsd": 100333162.31636308,
  "nrmsd": 0.00815329227030411,
  "monom_median": 1.0,
  "monom_mean": 0.8993145828409359
}