{
  "qerror_median": 4.709915187159846,
  "qerror_mean": 150.57497383853737,
  "qerror_10": 1.3091892598268788,
  "qerror_25": 2.248584391376218,
  "qerror_75": 15.202779614835766,
  "qerror_90": 70.145878914495,
  "mse": 9732173316719480.0,
  "rmsd": 98651778.07175845,
  "nrmsd": 0.008016659308196124,
  "monom_median": 1.0,
  "monom_mean": 0.9080464297906983
}