{
  "qerror_median": 4.670187839047667,
  "qerror_mean": 101.47330615923477,
  "qerror_10": 1.4388453709464493,
  "qerror_25": 2.2517537756162507,
  "qerror_75": 15.052298898158774,
  "qerror_90": 69.33115084361621,
  "mse": 9397917947749336.0,
  "rmsd": 96942859.189057,
  "nrmsd": 0.00787778882115842,
  "monom_median": 1.0,
  "monom_mean": 0.9144147692954122
}