{
  "qerror_median": 7.849592308073164,
  "qerror_mean": 263.2597192294099,
  "qerror_10": 1.238815417179223,
  "qerror_25": 1.9598901201460917,
  "qerror_75": 70.34018951213551,
  "qerror_90": 457.71091445427726,
  "mse": 9993993083170846.0,
  "rmsd": 99969960.90411782,
  "nrmsd": 0.008123777728963477,
  "monom_median": 1.0,
  "monom_mean": 0.8889151500827228
}