{
  "qerror_median": 10.864557955622512,
  "qerror_mean": 575.1758278666657,
  "qerror_10": 1.4220367494225699,
  "qerror_25": 2.143372801170186,
  "qerror_75": 46.57692307692308,
  "qerror_90": 452.79273504273505,
  "mse": 1.1000998299410216e+16,
  "rmsd": 104885643.91474277,
  "nrmsd": 0.008523236884525817,
  "monom_median": 1.0,
  "monom_mean": 0.9067596312928385
}