{
  "qerror_median": 5.005960437890337,
  "qerror_mean": 227.31685484888328,
  "qerror_10": 1.212773512800568,
  "qerror_25": 1.8681965216962564,
  "qerror_75": 14.931837157793668,
  "qerror_90": 43.91140562637095,
  "mse": 1.055929893872399e+16,
  "rmsd": 102758449.47606006,
  "nrmsd": 0.0083503764107409,
  "monom_median": 1.0,
  "monom_mean": 0.9045011686231256
}