{
  "qerror_median": 5.45246939858525,
  "qerror_mean": 120.24772109316919,
  "qerror_10": 1.4207979856206119,
  "qerror_25": 2.0910923240063948,
  "qerror_75": 27.978212094816804,
  "qerror_90": 204.48320467533966,
  "mse": 9824956905986696.0,
  "rmsd": 99120920.6272152,
  "nrmsd": 0.008054782858603272,
  "monom_median": 1.0,
  "monom_mean": 0.895204706005935
}