{
  "qerror_median": 5.47190635451505,
  "qerror_mean": 111.32377023615172,
  "qerror_10": 1.2614752428352463,
  "qerror_25": 1.9550307116678798,
  "qerror_75": 17.450129703297634,
  "qerror_90": 83.0,
  "mse": 9915027463752278.0,
  "rmsd": 99574230.92222343,
  "nrmsd": 0.008091619844889878,
  "monom_median": 1.0,
  "monom_mean": 0.9039102917618635
}