{
  "qerror_median": 5.417472447402787,
  "qerror_mean": 136.6595051736803,
  "qerror_10": 1.6047352829581236,
  "qerror_25": 2.5683659119836606,
  "qerror_75": 24.25758576634686,
  "qerror_90": 92.06036990869296,
  "mse": 9951698585771022.0,
  "rmsd": 99758200.59409162,
  "nrmsd": 0.008106569622899304,
  "monom_median": 1.0,
  "monom_mean": 0.9065758029360015
}