{
  "qerror_median": 6.516848697359503,
  "qerror_mean": 531.8815461769826,
  "qerror_10": 1.3279558572621337,
  "qerror_25": 2.1939160259522588,
  "qerror_75": 14.227413366336634,
  "qerror_90": 45.27226110165395,
  "mse": 1.0855237734748784e+16,
  "rmsd": 104188472.17782198,
  "nrmsd": 0.008466583183969787,
  "monom_median": 1.0,
  "monom_mean": 0.8923684970718769
}