{
  "qerror_median": 4.680222911153639,
  "qerror_mean": 110.39958026496345,
  "qerror_10": 1.297134088450244,
  "qerror_25": 1.8633528909075905,
  "qerror_75": 11.200843635774113,
  "qerror_90": 74.10064070970921,
  "mse": 9609850405841664.0,
  "rmsd": 98029844.46504882,
  "nrmsd": 0.007966119622700723,
  "monom_median": 1.0,
  "monom_mean": 0.9187084744872502
}