{
  "qerror_median": 4.094198736358415,
  "qerror_mean": 153.41953914909732,
  "qerror_10": 1.1906656556066388,
  "qerror_25": 1.7545146881158873,
  "qerror_75": 12.789380216657788,
  "qerror_90": 48.132766950571096,
  "mse": 9751339950953392.0,
  "rmsd": 98748873.16295509,
  "nrmsd": 0.00802454946772326,
  "monom_median": 1.0,
  "monom_mean": 0.916305575251451
}