{
  "qerror_median": 5.886400164710784,
  "qerror_mean": 635.568756735045,
  "qerror_10": 1.3299523726194507,
  "qerror_25": 2.0835650139744692,
  "qerror_75": 13.758181543939905,
  "qerror_90": 58.332124842370746,
  "mse": 1.0593559027118988e+16,
  "rmsd": 102925016.52717374,
  "nrmsd": 0.00836391201371582,
  "monom_median": 1.0,
  "monom_mean": 0.8835709971375298
}