{
  "qerror_median": 5.422480620155039,
  "qerror_mean": 73.31683826344852,
  "qerror_10": 1.4638196720411514,
  "qerror_25": 1.9901045660863517,
  "qerror_75": 29.80286517268035,
  "qerror_90": 148.72528735632184,
  "mse": 9831161694358140.0,
  "rmsd": 99152214.77283369,
  "nrmsd": 0.008057325889338936,
  "monom_median": 1.0,
  "monom_mean": 0.9020457469996586
}