{
  "qerror_median": 5.340356564019449,
  "qerror_mean": 116.34881348014895,
  "qerror_10": 1.3213765100475408,
  "qerror_25": 1.7531978293065498,
  "qerror_75": 18.653531754349192,
  "qerror_90": 102.0169696969697,
  "mse": 9862535602646540.0,
  "rmsd": 99310299.57988517,
  "nrmsd": 0.00807017220660462,
  "monom_median": 1.0,
  "monom_mean": 0.9091625305286378
}