{
  "qerror_median": 5.066635160680529,
  "qerror_mean": 78.69044989090492,
  "qerror_10": 1.350086635485442,
  "qerror_25": 2.1639903795926987,
  "qerror_75": 17.11603229527105,
  "qerror_90": 96.0,
  "mse": 9792479690655772.0,
  "rmsd": 98956958.77832833,
  "nrmsd": 0.008041458960060744,
  "monom_median": 1.0,
  "monom_mean": 0.8898211612699913
}