{
  "qerror_median": 4.754937953872335,
  "qerror_mean": 297.4025966593342,
  "qerror_10": 1.363801539900698,
  "qerror_25": 1.8158979808714133,
  "qerror_75": 16.419152172383995,
  "qerror_90": 106.7266268826371,
  "mse": 9862182359405888.0,
  "rmsd": 99308521.08155619,
  "nrmsd": 0.008070027681939557,
  "monom_median": 1.0,
  "monom_mean": 0.8966228104729641
}