{
  "qerror_median": 5.581451058494388,
  "qerror_mean": 258.8549143243854,
  "qerror_10": 1.2740306719607977,
  "qerror_25": 2.041173383454976,
  "qerror_75": 17.973314609839214,
  "qerror_90": 112.95127150906045,
  "mse": 9768157858745076.0,
  "rmsd": 98833991.41360767,
  "nrmsd": 0.008031466362985858,
  "monom_median": 1.0,
  "monom_mean": 0.9078100790461935
}