{
  "qerror_median": 4.150163563337662,
  "qerror_mean": 332.3419453679328,
  "qerror_10": 1.380294389011791,
  "qerror_25": 2.037675225320237,
  "qerror_75": 16.787786703485427,
  "qerror_90": 87.80321144829158,
  "mse": 9804175322261112.0,
  "rmsd": 99016035.68241414,
  "nrmsd": 0.008046259678530253,
  "monom_median": 1.0,
  "monom_mean": 0.9085847842642927
}