{
  "qerror_median": 5.2417030077526645,
  "qerror_mean": 192.41978431186968,
  "qerror_10": 1.3285220267628928,
  "qerror_25": 2.145083975178081,
  "qerror_75": 20.889986824769434,
  "qerror_90": 125.20029263534384,
  "mse": 9490322848221604.0,
  "rmsd": 97418288.05835998,
  "nrmsd": 0.00791642321118138,
  "monom_median": 1.0,
  "monom_mean": 0.9171853252448856
}