{
  "qerror_median": 4.85028033291246,
  "qerror_mean": 117.9498165090406,
  "qerror_10": 1.23812131167488,
  "qerror_25": 1.7828411995471112,
  "qerror_75": 26.457381996073078,
  "qerror_90": 180.73201095243473,
  "mse": 9721673359292084.0,
  "rmsd": 98598546.43600018,
  "nrmsd": 0.0080123335890187,
  "monom_median": 1.0,
  "monom_mean": 0.9188660416502534
}