{
  "qerror_median": 5.646581164083321,
  "qerror_mean": 166.04286354641448,
  "qerror_10": 1.1667831408838198,
  "qerror_25": 1.7212594509228663,
  "qerror_75": 15.28363631321325,
  "qerror_90": 54.319728224371204,
  "mse": 9745845323378748.0,
  "rmsd": 98721048.02613649,
  "nrmsd": 0.00802228833623188,
  "monom_median": 1.0,
  "monom_mean": 0.8235904304209669
}