{
  "qerror_median": 8.156657963446476,
  "qerror_mean": 83.28104696558763,
  "qerror_10": 1.2524887379969158,
  "qerror_25": 2.0499593280500883,
  "qerror_75": 42.45552477685442,
  "qerror_90": 192.8,
  "mse": 9814694683141122.0,
  "rmsd": 99069140.92259568,
  "nrmsd": 0.008050575126526594,
  "monom_median": 1.0,
  "monom_mean": 0.8607631502928124
}