{
  "qerror_median": 5.428777315994101,
  "qerror_mean": 95.04607231644235,
  "qerror_10": 1.302954609017271,
  "qerror_25": 1.9321895424836601,
  "qerror_75": 25.338960406639274,
  "qerror_90": 219.74630619302107,
  "mse": 9675265068365668.0,
  "rmsd": 98362925.27352807,
  "nrmsd": 0.007993186497884,
  "monom_median": 1.0,
  "monom_mean": 0.9079939074030305
}