{
  "qerror_median": 3.9035025017869907,
  "qerror_mean": 102.27509873476438,
  "qerror_10": 1.2723958371317925,
  "qerror_25": 1.9921882105794366,
  "qerror_75": 18.4319643458811,
  "qerror_90": 124.510581768209,
  "mse": 9558678920462276.0,
  "rmsd": 97768496.56439582,
  "nrmsd": 0.007944881920538646,
  "monom_median": 1.0,
  "monom_mean": 0.9029123663961763
}