{
  "qerror_median": 5.786038592508513,
  "qerror_mean": 291.062725482292,
  "qerror_10": 1.4913512435151073,
  "qerror_25": 2.5491596943035746,
  "qerror_75": 22.221164130506345,
  "qerror_90": 75.99725184126635,
  "mse": 1.0031916854370464e+16,
  "rmsd": 100159457.1389565,
  "nrmsd": 0.008139176607570435,
  "monom_median": 1.0,
  "monom_mean": 0.915255127498096
}