{
  "qerror_median": 5.806328511080461,
  "qerror_mean": 556.514267732985,
  "qerror_10": 1.4038727154796502,
  "qerror_25": 2.415490293524222,
  "qerror_75": 16.509507183704756,
  "qerror_90": 93.11786777982422,
  "mse": 1.0120847571514398e+16,
  "rmsd": 100602423.28847948,
  "nrmsd": 0.008175173005964858,
  "monom_median": 1.0,
  "monom_mean": 0.8895848105254864
}