{
  "qerror_median": 21.46765341011337,
  "qerror_mean": 264.32460907578593,
  "qerror_10": 1.3578705062427292,
  "qerror_25": 4.266256267543797,
  "qerror_75": 160.72790906755716,
  "qerror_90": 683.0929822333376,
  "mse": 1.0217496838954382e+16,
  "rmsd": 101081634.52850564,
  "nrmsd": 0.008214114759707538,
  "monom_median": 1.0,
  "monom_mean": 0.8854224113028178
}