{
  "qerror_median": 9.307283763277693,
  "qerror_mean": 54.512648292288894,
  "qerror_10": 1.278743745742407,
  "qerror_25": 2.1240260118492875,
  "qerror_75": 36.65913818286187,
  "qerror_90": 126.67334401709402,
  "mse": 9603059623520300.0,
  "rmsd": 97995202.0433669,
  "nrmsd": 0.007963304503727066,
  "monom_median": 1.0,
  "monom_mean": 0.8875101762126106
}