{
  "qerror_median": 6.244114349113919,
  "qerror_mean": 106.47185563579248,
  "qerror_10": 1.2778926928110093,
  "qerror_25": 1.907668367423279,
  "qerror_75": 19.174449049584794,
  "qerror_90": 100.8,
  "mse": 9858098241232340.0,
  "rmsd": 99287956.17411177,
  "nrmsd": 0.008068356532570445,
  "monom_median": 1.0,
  "monom_mean": 0.9129047506499646
}