{
  "qerror_median": 4.0232942602753745,
  "qerror_mean": 287.1635475011807,
  "qerror_10": 1.3536542946479793,
  "qerror_25": 2.0300698573252336,
  "qerror_75": 10.478090927792636,
  "qerror_90": 47.135176272162575,
  "mse": 9823413089651036.0,
  "rmsd": 99113132.78093392,
  "nrmsd": 0.008054150001176857,
  "monom_median": 1.0,
  "monom_mean": 0.9168439297250452
}