{
  "qerror_median": 7.036364175976212,
  "qerror_mean": 1033.6396148801064,
  "qerror_10": 1.7541998564556787,
  "qerror_25": 3.4299645390070923,
  "qerror_75": 18.368066355624677,
  "qerror_90": 65.52712148044647,
  "mse": 1.0614320353486012e+16,
  "rmsd": 103025823.72146322,
  "nrmsd": 0.008372103826861306,
  "monom_median": 1.0,
  "monom_mean": 0.9055516163764805
}