{
  "qerror_median": 6.256065276894578,
  "qerror_mean": 77.78580614426563,
  "qerror_10": 1.5216174632363695,
  "qerror_25": 2.317960640432194,
  "qerror_75": 38.16352172034301,
  "qerror_90": 231.45482388973966,
  "mse": 9766329508272876.0,
  "rmsd": 98824741.3772122,
  "nrmsd": 0.008030714684791907,
  "monom_median": 1.0,
  "monom_mean": 0.9057223141364006
}