{
  "qerror_median": 4.499612440899339,
  "qerror_mean": 328.63552523718346,
  "qerror_10": 1.338515670595457,
  "qerror_25": 1.978926666338643,
  "qerror_75": 21.489083804296968,
  "qerror_90": 210.78220451527224,
  "mse": 9839729130259450.0,
  "rmsd": 99195408.81643389,
  "nrmsd": 0.008060835931818194,
  "monom_median": 1.0,
  "monom_mean": 0.880262086714462
}