{
  "qerror_median": 4.452940743471103,
  "qerror_mean": 135.29322435559956,
  "qerror_10": 1.5555319909257272,
  "qerror_25": 2.3643746830573096,
  "qerror_75": 15.474237641071895,
  "qerror_90": 59.64057685196598,
  "mse": 9516931188737866.0,
  "rmsd": 97554759.94915812,
  "nrmsd": 0.007927513215589392,
  "monom_median": 1.0,
  "monom_mean": 0.912405787967121
}