{
  "qerror_median": 3.4195978684788986,
  "qerror_mean": 174.06243926275855,
  "qerror_10": 1.4379558719533205,
  "qerror_25": 2.1407706752396485,
  "qerror_75": 12.195601310248012,
  "qerror_90": 75.14782608695653,
  "mse": 9429987957855578.0,
  "rmsd": 97108125.08670723,
  "nrmsd": 0.007891218689556346,
  "monom_median": 1.0,
  "monom_mean": 0.8961895007747053
}