{
  "qerror_median": 5.365180467091295,
  "qerror_mean": 273.21021318319924,
  "qerror_10": 1.61198738170347,
  "qerror_25": 2.6922898569973706,
  "qerror_75": 15.280127040701021,
  "qerror_90": 78.77659809776598,
  "mse": 9679306821794802.0,
  "rmsd": 98383468.23422521,
  "nrmsd": 0.007994855863812418,
  "monom_median": 1.0,
  "monom_mean": 0.9128522282622968
}