{
  "qerror_median": 5.0560571995140275,
  "qerror_mean": 493.3620236725496,
  "qerror_10": 1.3983716626741172,
  "qerror_25": 2.512022676655193,
  "qerror_75": 10.833976833976834,
  "qerror_90": 52.086083213773314,
  "mse": 9534051568718606.0,
  "rmsd": 97642468.0593368,
  "nrmsd": 0.007934640568502958,
  "monom_median": 1.0,
  "monom_mean": 0.888271750833793
}