{
  "qerror_median": 6.539735099337748,
  "qerror_mean": 117.33158572219044,
  "qerror_10": 1.20755221486081,
  "qerror_25": 1.7698851090836396,
  "qerror_75": 21.673733703677367,
  "qerror_90": 144.13179169016732,
  "mse": 9875186340362624.0,
  "rmsd": 99373972.1474523,
  "nrmsd": 0.008075346378742626,
  "monom_median": 1.0,
  "monom_mean": 0.9125370939362903
}