{
  "qerror_median": 4.239935697299021,
  "qerror_mean": 104.14473326466351,
  "qerror_10": 1.1923465148623724,
  "qerror_25": 1.6882890235442256,
  "qerror_75": 24.03765690376569,
  "qerror_90": 90.60007328139173,
  "mse": 9843705359038088.0,
  "rmsd": 99215449.19536518,
  "nrmsd": 0.00806246445685281,
  "monom_median": 1.0,
  "monom_mean": 0.9189185640379212
}