{
  "qerror_median": 3.313800152310714,
  "qerror_mean": 206.8421622742631,
  "qerror_10": 1.2361057876581065,
  "qerror_25": 1.6114264741034248,
  "qerror_75": 10.247371840072983,
  "qerror_90": 40.22385166830671,
  "mse": 9725554280913530.0,
  "rmsd": 98618224.89232673,
  "nrmsd": 0.008013932703430671,
  "monom_median": 1.0,
  "monom_mean": 0.9164500118175373
}