{
  "qerror_median": 4.028980460122289,
  "qerror_mean": 209.76139597683255,
  "qerror_10": 1.4761721304683673,
  "qerror_25": 2.1077075056205965,
  "qerror_75": 23.040675844806007,
  "qerror_90": 257.9404339250493,
  "mse": 9473273532289884.0,
  "rmsd": 97330742.99670112,
  "nrmsd": 0.00790930910794724,
  "monom_median": 1.0,
  "monom_mean": 0.9055647469733974
}