{
  "qerror_median": 5.365211077689036,
  "qerror_mean": 456.03522302438034,
  "qerror_10": 1.1705132319901963,
  "qerror_25": 2.0039100985221676,
  "qerror_75": 15.794157138788298,
  "qerror_90": 55.26506698852294,
  "mse": 1.0386152505836954e+16,
  "rmsd": 101912474.73119743,
  "nrmsd": 0.008281630652220776,
  "monom_median": 1.0,
  "monom_mean": 0.9115260379736863
}