{
  "qerror_median": 5.627028268442259,
  "qerror_mean": 291.4771043085487,
  "qerror_10": 1.3912411805714238,
  "qerror_25": 2.3107082284594416,
  "qerror_75": 23.359020657083985,
  "qerror_90": 74.18511873350924,
  "mse": 1.0257635069474586e+16,
  "rmsd": 101279983.55783133,
  "nrmsd": 0.008230233035761913,
  "monom_median": 1.0,
  "monom_mean": 0.9177893327030647
}