{
  "qerror_median": 5.041071412863978,
  "qerror_mean": 255.01088479225675,
  "qerror_10": 1.4835522979450517,
  "qerror_25": 2.3998425402931107,
  "qerror_75": 14.762224213004437,
  "qerror_90": 78.25252637423654,
  "mse": 1.005486146687617e+16,
  "rmsd": 100273932.14029342,
  "nrmsd": 0.008148479096617879,
  "monom_median": 1.0,
  "monom_mean": 0.9204942356679535
}