{
  "qerror_median": 4.910431025953897,
  "qerror_mean": 266.7251358081292,
  "qerror_10": 1.174352826211918,
  "qerror_25": 1.7702380952380952,
  "qerror_75": 31.3360877285849,
  "qerror_90": 448.8572413793103,
  "mse": 9762129180732494.0,
  "rmsd": 98803487.6951846,
  "nrmsd": 0.008028987564093322,
  "monom_median": 1.0,
  "monom_mean": 0.9005751201449618
}