{
  "qerror_median": 5.5978260869565215,
  "qerror_mean": 149.33400780948782,
  "qerror_10": 1.4998010976921117,
  "qerror_25": 2.6861702815682196,
  "qerror_75": 30.951996625250707,
  "qerror_90": 233.0,
  "mse": 9675551980993558.0,
  "rmsd": 98364383.70158966,
  "nrmsd": 0.007993305012938913,
  "monom_median": 1.0,
  "monom_mean": 0.8923159746842091
}