{
  "qerror_median": 5.630261536661251,
  "qerror_mean": 217.38276087883636,
  "qerror_10": 1.363667279337344,
  "qerror_25": 2.0415661482546996,
  "qerror_75": 30.735437080551367,
  "qerror_90": 214.06224517267754,
  "mse": 9845761978935586.0,
  "rmsd": 99225813.0676468,
  "nrmsd": 0.008063306647787625,
  "monom_median": 1.0,
  "monom_mean": 0.8886000157567163
}