{
  "qerror_median": 5.34771802196358,
  "qerror_mean": 142.69503524026297,
  "qerror_10": 1.1853079970397458,
  "qerror_25": 1.8028239676259095,
  "qerror_75": 32.294429175475685,
  "qerror_90": 250.15277777777777,
  "mse": 9805213914046008.0,
  "rmsd": 99021280.1070861,
  "nrmsd": 0.00804668585195241,
  "monom_median": 1.0,
  "monom_mean": 0.9013104335723102
}