{
  "qerror_median": 7.509917232626278,
  "qerror_mean": 209.36971295452344,
  "qerror_10": 1.7811581305672677,
  "qerror_25": 3.0217698044749044,
  "qerror_75": 50.629371315759016,
  "qerror_90": 203.71638665654683,
  "mse": 1.0240731168185194e+16,
  "rmsd": 101196497.80592802,
  "nrmsd": 0.008223448800919124,
  "monom_median": 1.0,
  "monom_mean": 0.9056829223456498
}