{
  "qerror_median": 8.55469301340861,
  "qerror_mean": 149.77280169863133,
  "qerror_10": 1.3194392636221866,
  "qerror_25": 3.045401410762468,
  "qerror_75": 39.23332789950343,
  "qerror_90": 148.96837747029667,
  "mse": 1.0195204419416956e+16,
  "rmsd": 100971304.93074235,
  "nrmsd": 0.008205149135223454,
  "monom_median": 1.0,
  "monom_mean": 0.889059586648809
}