{
  "qerror_median": 9.866666666666667,
  "qerror_mean": 103.8014982438248,
  "qerror_10": 2.016578715128968,
  "qerror_25": 2.9555856195183448,
  "qerror_75": 54.04810495626822,
  "qerror_90": 214.08726376335335,
  "mse": 9884972195205122.0,
  "rmsd": 99423197.47023389,
  "nrmsd": 0.008079346536162891,
  "monom_median": 1.0,
  "monom_mean": 0.9179468998660679
}