{
  "qerror_median": 4.553124771966239,
  "qerror_mean": 133.03369971278494,
  "qerror_10": 1.1919967628126067,
  "qerror_25": 1.7801604315868829,
  "qerror_75": 12.175645764801628,
  "qerror_90": 53.37813033579966,
  "mse": 9656572285593242.0,
  "rmsd": 98267859.88100709,
  "nrmsd": 0.007985461276111655,
  "monom_median": 1.0,
  "monom_mean": 0.9003650305942908
}