{
  "qerror_median": 4.525083027442755,
  "qerror_mean": 216.38893578024593,
  "qerror_10": 1.285938221329329,
  "qerror_25": 1.97389334708048,
  "qerror_75": 11.891133263378803,
  "qerror_90": 46.65625,
  "mse": 1.0001790476850506e+16,
  "rmsd": 100008951.98356248,
  "nrmsd": 0.008126946229380563,
  "monom_median": 1.0,
  "monom_mean": 0.8930512881115575
}