{
  "qerror_median": 3.909515859766277,
  "qerror_mean": 148.9663517093826,
  "qerror_10": 1.428628094582483,
  "qerror_25": 2.347671792665878,
  "qerror_75": 14.046454630574909,
  "qerror_90": 46.73015873015873,
  "mse": 1.0348071239124456e+16,
  "rmsd": 101725469.96266204,
  "nrmsd": 0.008266434235616245,
  "monom_median": 1.0,
  "monom_mean": 0.9150450379474251
}