{
  "qerror_median": 5.388079470198676,
  "qerror_mean": 126.61987970819165,
  "qerror_10": 1.4532645904950432,
  "qerror_25": 1.9941027569694312,
  "qerror_75": 17.29544830024654,
  "qerror_90": 80.39850275723761,
  "mse": 9594958801614334.0,
  "rmsd": 97953860.57534605,
  "nrmsd": 0.007959945005592297,
  "monom_median": 1.0,
  "monom_mean": 0.914651120039917
}