{
  "qerror_median": 7.834128878281623,
  "qerror_mean": 77.12890798310355,
  "qerror_10": 1.431675660106985,
  "qerror_25": 2.571707503828484,
  "qerror_75": 41.48894903022102,
  "qerror_90": 153.65916398713827,
  "mse": 9911449416597806.0,
  "rmsd": 99556262.56844823,
  "nrmsd": 0.008090159697152448,
  "monom_median": 1.0,
  "monom_mean": 0.912812836471546
}