{
  "qerror_median": 6.568067086070982,
  "qerror_mean": 1445.8190376625828,
  "qerror_10": 1.6190358667395974,
  "qerror_25": 2.626056016937139,
  "qerror_75": 17.50082330204404,
  "qerror_90": 82.33462078539883,
  "mse": 1.079507139360765e+16,
  "rmsd": 103899332.97960892,
  "nrmsd": 0.00844308710016851,
  "monom_median": 1.0,
  "monom_mean": 0.9028467134115917
}