{
  "qerror_median": 4.157818186100741,
  "qerror_mean": 110.58851461817402,
  "qerror_10": 1.3352459533494434,
  "qerror_25": 1.9709278126640004,
  "qerror_75": 17.663284844033992,
  "qerror_90": 153.72096385542176,
  "mse": 9442315837334346.0,
  "rmsd": 97171579.37038147,
  "nrmsd": 0.007896375123467674,
  "monom_median": 1.0,
  "monom_mean": 0.8580319861340897
}