{
  "qerror_median": 8.806409802754679,
  "qerror_mean": 260.82656602921384,
  "qerror_10": 1.4827586206896552,
  "qerror_25": 2.778426636763564,
  "qerror_75": 50.88103448275862,
  "qerror_90": 324.616961130742,
  "mse": 1.0156165352118514e+16,
  "rmsd": 100777801.88175625,
  "nrmsd": 0.008189424654133103,
  "monom_median": 1.0,
  "monom_mean": 0.9075343365109377
}