{
  "qerror_median": 4.857467815707729,
  "qerror_mean": 653.1123546436638,
  "qerror_10": 1.4978883536824688,
  "qerror_25": 2.428285980518046,
  "qerror_75": 11.306894148344732,
  "qerror_90": 55.10168672234239,
  "mse": 9802470938206750.0,
  "rmsd": 99007428.70212695,
  "nrmsd": 0.008045560256482485,
  "monom_median": 1.0,
  "monom_mean": 0.772210404684997
}