{
  "qerror_median": 4.976372095516015,
  "qerror_mean": 208.9400478865339,
  "qerror_10": 1.3183343586453733,
  "qerror_25": 1.9024488221184563,
  "qerror_75": 16.26244305407733,
  "qerror_90": 130.3047926763597,
  "mse": 9822306157048580.0,
  "rmsd": 99107548.43627492,
  "nrmsd": 0.008053696205112905,
  "monom_median": 1.0,
  "monom_mean": 0.8387037474723601
}