{
  "qerror_median": 6.249632892804699,
  "qerror_mean": 97.9229000748711,
  "qerror_10": 1.7952262159014916,
  "qerror_25": 2.7787483687383148,
  "qerror_75": 34.30636647656471,
  "qerror_90": 202.52630885257784,
  "mse": 9655073930126724.0,
  "rmsd": 98260235.75244832,
  "nrmsd": 0.00798484172274554,
  "monom_median": 1.0,
  "monom_mean": 0.9073767693479345
}