{
  "qerror_median": 4.699308482383224,
  "qerror_mean": 50.03839895139301,
  "qerror_10": 1.2931414896371878,
  "qerror_25": 1.7705741572287892,
  "qerror_75": 23.0,
  "qerror_90": 79.80421674294999,
  "mse": 9737432963349950.0,
  "rmsd": 98678432.10828772,
  "nrmsd": 0.008018825273515958,
  "monom_median": 1.0,
  "monom_mean": 0.9109088999185903
}