{
  "qerror_median": 2.892273148334609,
  "qerror_mean": 163.28385677466056,
  "qerror_10": 1.2414354059940784,
  "qerror_25": 1.6493204533169195,
  "qerror_75": 9.465085223584397,
  "qerror_90": 40.545640731170444,
  "mse": 9788939996426876.0,
  "rmsd": 98939072.14254071,
  "nrmsd": 0.008040005452905761,
  "monom_median": 1.0,
  "monom_mean": 0.9005882507418788
}