{
  "qerror_median": 5.645678189562748,
  "qerror_mean": 155.28587476179163,
  "qerror_10": 1.3572800789295087,
  "qerror_25": 2.158113117921694,
  "qerror_75": 19.427880614773898,
  "qerror_90": 100.46745525705344,
  "mse": 9719048450751218.0,
  "rmsd": 98585234.44589062,
  "nrmsd": 0.008011251827579542,
  "monom_median": 1.0,
  "monom_mean": 0.9136006722865622
}