{
  "qerror_median": 4.558347376396888,
  "qerror_mean": 478.8081950407877,
  "qerror_10": 1.330776359143328,
  "qerror_25": 2.0548173212731866,
  "qerror_75": 11.708019885615315,
  "qerror_90": 34.959240958281654,
  "mse": 1.0172221407004766e+16,
  "rmsd": 100857431.09461378,
  "nrmsd": 0.00819589549817602,
  "monom_median": 1.0,
  "monom_mean": 0.912392657370204
}