{
  "qerror_median": 6.7946544596665,
  "qerror_mean": 166.33299664017832,
  "qerror_10": 1.792644348236101,
  "qerror_25": 3.0124863143546645,
  "qerror_75": 43.01470588235294,
  "qerror_90": 173.11523069679885,
  "mse": 9909595170754278.0,
  "rmsd": 99546949.5803577,
  "nrmsd": 0.008089402903366037,
  "monom_median": 1.0,
  "monom_mean": 0.9179206386722341
}