{
  "qerror_median": 5.503698769787155,
  "qerror_mean": 189.458700635683,
  "qerror_10": 1.2188732211915174,
  "qerror_25": 1.9782522939940101,
  "qerror_75": 17.423954753909555,
  "qerror_90": 92.22736696613684,
  "mse": 9887294044583192.0,
  "rmsd": 99434873.38244662,
  "nrmsd": 0.008080295346332879,
  "monom_median": 1.0,
  "monom_mean": 0.9102129782819927
}