{
  "qerror_median": 4.165940233605347,
  "qerror_mean": 194.14163627745353,
  "qerror_10": 1.28794258683957,
  "qerror_25": 1.9726992198411277,
  "qerror_75": 14.06981184019213,
  "qerror_90": 45.58846050417418,
  "mse": 1.029767600838674e+16,
  "rmsd": 101477465.52011801,
  "nrmsd": 0.0082462808520518,
  "monom_median": 1.0,
  "monom_mean": 0.9166601013682082
}