{
  "qerror_median": 18.28477928462209,
  "qerror_mean": 775.6592058408539,
  "qerror_10": 1.8399343688573426,
  "qerror_25": 4.05603206081342,
  "qerror_75": 80.40843621399176,
  "qerror_90": 525.0042122671337,
  "mse": 1.0360649182417662e+16,
  "rmsd": 101787274.16734207,
  "nrmsd": 0.008271456580498597,
  "monom_median": 1.0,
  "monom_mean": 0.8355655348092125
}