{
  "qerror_median": 5.120767144517629,
  "qerror_mean": 130.23502921645854,
  "qerror_10": 1.3418215312830064,
  "qerror_25": 2.2903091630284784,
  "qerror_75": 17.55402762058273,
  "qerror_90": 58.31007040097949,
  "mse": 9777400392558024.0,
  "rmsd": 98880738.2282213,
  "nrmsd": 0.00803526511141012,
  "monom_median": 1.0,
  "monom_mean": 0.9086373066519604
}