{
  "qerror_median": 4.715372083763078,
  "qerror_mean": 138.38557061661356,
  "qerror_10": 1.3872165651712267,
  "qerror_25": 2.2177579647152337,
  "qerror_75": 18.13241896432657,
  "qerror_90": 78.57946369028706,
  "mse": 9974386425440480.0,
  "rmsd": 99871850.01510926,
  "nrmsd": 0.008115805023483868,
  "monom_median": 1.0,
  "monom_mean": 0.903188108931432
}