{
  "qerror_median": 5.256624849546437,
  "qerror_mean": 261.1509504072082,
  "qerror_10": 1.2460520648014801,
  "qerror_25": 1.955227932613717,
  "qerror_75": 14.260426349791732,
  "qerror_90": 83.1996989463121,
  "mse": 1.0209867084610702e+16,
  "rmsd": 101043886.92350815,
  "nrmsd": 0.008211047306744398,
  "monom_median": 1.0,
  "monom_mean": 0.898500485832086
}