{
  "qerror_median": 5.394915398556665,
  "qerror_mean": 265.1552715317319,
  "qerror_10": 1.3829393335232127,
  "qerror_25": 2.0905367090374862,
  "qerror_75": 12.494242630603914,
  "qerror_90": 71.83942551851581,
  "mse": 9893187385421030.0,
  "rmsd": 99464503.14268418,
  "nrmsd": 0.008082703125471286,
  "monom_median": 1.0,
  "monom_mean": 0.908926179784133
}