{
  "qerror_median": 6.160236060580747,
  "qerror_mean": 105.85008555940647,
  "qerror_10": 1.3815380124130545,
  "qerror_25": 2.4612707571463823,
  "qerror_75": 25.814490367510764,
  "qerror_90": 158.19186853553603,
  "mse": 9667709768327740.0,
  "rmsd": 98324512.55067447,
  "nrmsd": 0.007990064995988784,
  "monom_median": 1.0,
  "monom_mean": 0.9061818850284934
}