{
  "qerror_median": 7.809385693335506,
  "qerror_mean": 59.14406481039024,
  "qerror_10": 1.5729339988907376,
  "qerror_25": 2.964870825456837,
  "qerror_75": 31.37145194517226,
  "qerror_90": 130.28571428571428,
  "mse": 9797333834443148.0,
  "rmsd": 98981482.28049096,
  "nrmsd": 0.00804345179349694,
  "monom_median": 1.0,
  "monom_mean": 0.912812836471546
}