{
  "qerror_median": 5.137829729364989,
  "qerror_mean": 110.1753945547528,
  "qerror_10": 1.2713483363675098,
  "qerror_25": 1.800671904226276,
  "qerror_75": 13.317951822860355,
  "qerror_90": 61.57359491996081,
  "mse": 9845340834283570.0,
  "rmsd": 99223690.89226408,
  "nrmsd": 0.008063134195173308,
  "monom_median": 1.0,
  "monom_mean": 0.899721631345361
}