{
  "qerror_median": 5.217549746869724,
  "qerror_mean": 278.02731643038436,
  "qerror_10": 1.328952032980033,
  "qerror_25": 2.315240083507307,
  "qerror_75": 19.732215598777323,
  "qerror_90": 69.54542897401879,
  "mse": 9808507041627614.0,
  "rmsd": 99037907.09434249,
  "nrmsd": 0.00804803699731199,
  "monom_median": 1.0,
  "monom_mean": 0.9192336983639277
}