{
  "qerror_median": 4.0386720109174545,
  "qerror_mean": 177.47867407110851,
  "qerror_10": 1.2079042991170454,
  "qerror_25": 1.7070817385728312,
  "qerror_75": 22.277199375325353,
  "qerror_90": 249.49205685618782,
  "mse": 9535361593636130.0,
  "rmsd": 97649176.1032121,
  "nrmsd": 0.00793518567882356,
  "monom_median": 1.0,
  "monom_mean": 0.881089314320229
}