{
  "qerror_median": 5.232399640024656,
  "qerror_mean": 120.59379495325227,
  "qerror_10": 1.5039052397939179,
  "qerror_25": 2.270576638897314,
  "qerror_75": 15.19196619277501,
  "qerror_90": 69.83619483360269,
  "mse": 9804672223649772.0,
  "rmsd": 99018544.84716372,
  "nrmsd": 0.008046463578747142,
  "monom_median": 1.0,
  "monom_mean": 0.9240394968355261
}