{
  "qerror_median": 5.729271283341178,
  "qerror_mean": 77.69085599710006,
  "qerror_10": 1.4885596635509735,
  "qerror_25": 2.1471020891704176,
  "qerror_75": 33.32715195128702,
  "qerror_90": 124.5341997260608,
  "mse": 9780483650637576.0,
  "rmsd": 98896327.79146846,
  "nrmsd": 0.008036531953425123,
  "monom_median": 1.0,
  "monom_mean": 0.9108826387247564
}