{
  "qerror_median": 6.4786794658459925,
  "qerror_mean": 173.0536749178591,
  "qerror_10": 1.2836310919479377,
  "qerror_25": 2.2594147884275824,
  "qerror_75": 40.540651801029156,
  "qerror_90": 447.72784284244676,
  "mse": 9735942698496566.0,
  "rmsd": 98670880.70194046,
  "nrmsd": 0.008018211629715846,
  "monom_median": 1.0,
  "monom_mean": 0.8939572992988262
}