{
  "qerror_median": 4.900092875149264,
  "qerror_mean": 131.7580143841689,
  "qerror_10": 1.227717898058854,
  "qerror_25": 1.7832313268667557,
  "qerror_75": 15.421384123618044,
  "qerror_90": 91.91319799389001,
  "mse": 9767607007925986.0,
  "rmsd": 98831204.6265044,
  "nrmsd": 0.008031239902569147,
  "monom_median": 1.0,
  "monom_mean": 0.8148979752619554
}