{
  "qerror_median": 4.769761965483413,
  "qerror_mean": 166.9563012094946,
  "qerror_10": 1.283185792949176,
  "qerror_25": 1.9634817945827792,
  "qerror_75": 17.700098810234827,
  "qerror_90": 127.2,
  "mse": 9687211769979378.0,
  "rmsd": 98423634.20428742,
  "nrmsd": 0.007998119838411413,
  "monom_median": 1.0,
  "monom_mean": 0.8998266761206964
}