{
  "qerror_median": 5.105334827999762,
  "qerror_mean": 183.3697186711729,
  "qerror_10": 1.4407773208150385,
  "qerror_25": 2.1922461236302606,
  "qerror_75": 15.102321388325445,
  "qerror_90": 131.8899827475861,
  "mse": 9617523726726648.0,
  "rmsd": 98068974.33300018,
  "nrmsd": 0.007969299401375494,
  "monom_median": 1.0,
  "monom_mean": 0.9041991648940361
}