{
  "qerror_median": 3.438471316440512,
  "qerror_mean": 281.4981179429068,
  "qerror_10": 1.4032249577915972,
  "qerror_25": 2.0165146787567445,
  "qerror_75": 8.13853269194105,
  "qerror_90": 41.04047619047619,
  "mse": 9144839212593688.0,
  "rmsd": 95628652.67582561,
  "nrmsd": 0.007770993524782464,
  "monom_median": 1.0,
  "monom_mean": 0.7776202106147746
}