{
  "qerror_median": 5.419965335485195,
  "qerror_mean": 202.06704045355366,
  "qerror_10": 1.5001407996249696,
  "qerror_25": 2.463410981931831,
  "qerror_75": 22.280220536746945,
  "qerror_90": 131.96528497409327,
  "mse": 9857393584132658.0,
  "rmsd": 99284407.55794768,
  "nrmsd": 0.008068068164257586,
  "monom_median": 1.0,
  "monom_mean": 0.9133249297513065
}