{
  "qerror_median": 5.480440399362825,
  "qerror_mean": 115.19979857327506,
  "qerror_10": 1.32838789056498,
  "qerror_25": 2.2876864310950555,
  "qerror_75": 27.66289825282631,
  "qerror_90": 230.50420757363253,
  "mse": 9692933720888018.0,
  "rmsd": 98452697.88526884,
  "nrmsd": 0.008000481616711045,
  "monom_median": 1.0,
  "monom_mean": 0.9073242469602668
}