{
  "qerror_median": 7.7547806524184475,
  "qerror_mean": 772.2047575030028,
  "qerror_10": 1.3428411004347829,
  "qerror_25": 2.029366994554958,
  "qerror_75": 16.689021366705006,
  "qerror_90": 72.63343745405909,
  "mse": 1.0146301495978218e+16,
  "rmsd": 100728851.35837804,
  "nrmsd": 0.008185446827513541,
  "monom_median": 1.0,
  "monom_mean": 0.9011528664093069
}