{
  "qerror_median": 5.129969418960244,
  "qerror_mean": 73.71255684087443,
  "qerror_10": 1.220914629847372,
  "qerror_25": 1.6201426074175398,
  "qerror_75": 23.4882667103234,
  "qerror_90": 91.5,
  "mse": 9765116022961848.0,
  "rmsd": 98818601.6039584,
  "nrmsd": 0.008030215753385223,
  "monom_median": 1.0,
  "monom_mean": 0.923658709524935
}