{
  "qerror_median": 4.840643478260869,
  "qerror_mean": 66.52418246988464,
  "qerror_10": 1.3310997589783666,
  "qerror_25": 2.3939708033482985,
  "qerror_75": 22.911435225702142,
  "qerror_90": 115.66666666666667,
  "mse": 9754940422933046.0,
  "rmsd": 98767101.92636538,
  "nrmsd": 0.00802603077691734,
  "monom_median": 1.0,
  "monom_mean": 0.8331495049764962
}