{
  "qerror_median": 4.776203029136922,
  "qerror_mean": 88.33643760773738,
  "qerror_10": 1.2677156329115473,
  "qerror_25": 1.9641621746433737,
  "qerror_75": 17.08599826165038,
  "qerror_90": 72.80521028435211,
  "mse": 9823357294070802.0,
  "rmsd": 99112851.3063306,
  "nrmsd": 0.008054127127934805,
  "monom_median": 1.0,
  "monom_mean": 0.9243283699676987
}