{
  "qerror_median": 5.302590619570809,
  "qerror_mean": 130.42868403667714,
  "qerror_10": 1.1996040218587887,
  "qerror_25": 1.6540225200632592,
  "qerror_75": 32.05818006315707,
  "qerror_90": 286.43636363636364,
  "mse": 9700591128691640.0,
  "rmsd": 98491578.97349215,
  "nrmsd": 0.008003641179000855,
  "monom_median": 1.0,
  "monom_mean": 0.843023713858032
}