{
  "qerror_median": 4.523835920177383,
  "qerror_mean": 62.52043637542857,
  "qerror_10": 1.1968784608960354,
  "qerror_25": 1.5169626754755847,
  "qerror_75": 19.933904201230934,
  "qerror_90": 72.56171349018159,
  "mse": 9720041473956920.0,
  "rmsd": 98590270.68609214,
  "nrmsd": 0.00801166108347618,
  "monom_median": 1.0,
  "monom_mean": 0.8825993329656766
}