{
  "qerror_median": 5.507383814819732,
  "qerror_mean": 111.75514204533107,
  "qerror_10": 1.1791272873352303,
  "qerror_25": 2.01601708489055,
  "qerror_75": 15.716852367688022,
  "qerror_90": 93.06573621772505,
  "mse": 9575811258619504.0,
  "rmsd": 97856074.20400383,
  "nrmsd": 0.007951998671128207,
  "monom_median": 1.0,
  "monom_mean": 0.9152288663042621
}