{
  "qerror_median": 6.04510045100451,
  "qerror_mean": 130.06132478609746,
  "qerror_10": 1.3915795556935022,
  "qerror_25": 1.9830623734991333,
  "qerror_75": 34.305906330011254,
  "qerror_90": 223.2050992780458,
  "mse": 9885228059502716.0,
  "rmsd": 99424484.2053642,
  "nrmsd": 0.00807945109907459,
  "monom_median": 1.0,
  "monom_mean": 0.9073767693479345
}