{
  "qerror_median": 37.35797996703223,
  "qerror_mean": 304.95511587833204,
  "qerror_10": 2.5083192669399565,
  "qerror_25": 8.082610370111277,
  "qerror_75": 173.13138009553745,
  "qerror_90": 527.6632653061224,
  "mse": 1.0366971418001584e+16,
  "rmsd": 101818325.55096152,
  "nrmsd": 0.008273979883863128,
  "monom_median": 1.0,
  "monom_mean": 0.8927098925917172
}