{
  "qerror_median": 5.726753670473083,
  "qerror_mean": 459.86279143296275,
  "qerror_10": 1.5628211928343636,
  "qerror_25": 2.4359564418061694,
  "qerror_75": 20.1198546124729,
  "qerror_90": 82.61070052712311,
  "mse": 9952365658278456.0,
  "rmsd": 99761543.98503692,
  "nrmsd": 0.00810684131416191,
  "monom_median": 1.0,
  "monom_mean": 0.8980934373276609
}