{
  "qerror_median": 4.863235110940882,
  "qerror_mean": 177.60632026939186,
  "qerror_10": 1.4058093310494766,
  "qerror_25": 2.457771600236258,
  "qerror_75": 18.78986637792798,
  "qerror_90": 136.49223163841808,
  "mse": 9597586383577196.0,
  "rmsd": 97967272.00232328,
  "nrmsd": 0.00796103484748886,
  "monom_median": 1.0,
  "monom_mean": 0.8969379447989706
}