{
  "qerror_median": 4.466666666666667,
  "qerror_mean": 100.40919504511972,
  "qerror_10": 1.2514754570318123,
  "qerror_25": 2.0245630301903916,
  "qerror_75": 14.025801482483388,
  "qerror_90": 74.73037197183864,
  "mse": 9612978566233922.0,
  "rmsd": 98045798.3099425,
  "nrmsd": 0.007967416067039268,
  "monom_median": 1.0,
  "monom_mean": 0.9212820714829696
}