{
  "qerror_median": 4.489510489510489,
  "qerror_mean": 88.352012271842,
  "qerror_10": 1.2588392610242845,
  "qerror_25": 1.7655093455756221,
  "qerror_75": 22.985702383216285,
  "qerror_90": 149.50159945823026,
  "mse": 9799514441552570.0,
  "rmsd": 98992496.89523226,
  "nrmsd": 0.008044346865187669,
  "monom_median": 1.0,
  "monom_mean": 0.9026891462485884
}