{
  "qerror_median": 4.529052843708016,
  "qerror_mean": 228.37575411960253,
  "qerror_10": 1.2212243856348357,
  "qerror_25": 1.662297011934484,
  "qerror_75": 13.014468026830473,
  "qerror_90": 64.5,
  "mse": 9744364440667300.0,
  "rmsd": 98713547.40190072,
  "nrmsd": 0.008021678819097244,
  "monom_median": 1.0,
  "monom_mean": 0.8877202657632816
}