{
  "qerror_median": 7.561480552070264,
  "qerror_mean": 756.3183839086719,
  "qerror_10": 1.401887871853547,
  "qerror_25": 2.0504173688584335,
  "qerror_75": 35.98303571428571,
  "qerror_90": 294.6173427501782,
  "mse": 1.0578009603088086e+16,
  "rmsd": 102849451.1559886,
  "nrmsd": 0.008357771406337734,
  "monom_median": 1.0,
  "monom_mean": 0.8988287507550093
}