{
  "qerror_median": 6.4673514306676445,
  "qerror_mean": 109.74955015538201,
  "qerror_10": 1.366814768378851,
  "qerror_25": 2.249397364166887,
  "qerror_75": 18.584702718852704,
  "qerror_90": 127.09481668773704,
  "mse": 1.0044378943045148e+16,
  "rmsd": 100221649.07366645,
  "nrmsd": 0.008144230460243264,
  "monom_median": 1.0,
  "monom_mean": 0.9155702618241025
}