{
  "qerror_median": 5.345510688836105,
  "qerror_mean": 571.4408605989731,
  "qerror_10": 1.2164159103003758,
  "qerror_25": 1.8958114817145655,
  "qerror_75": 14.603472381974015,
  "qerror_90": 55.67896274653032,
  "mse": 1.1035797909260172e+16,
  "rmsd": 105051406.03180984,
  "nrmsd": 0.008536707076799143,
  "monom_median": 1.0,
  "monom_mean": 0.9077181648677749
}