{
  "qerror_median": 6.460590212924916,
  "qerror_mean": 181.61340250908205,
  "qerror_10": 1.4092760348935294,
  "qerror_25": 2.0831993276401626,
  "qerror_75": 97.98525702337767,
  "qerror_90": 645.8991047919973,
  "mse": 1.0041917031462942e+16,
  "rmsd": 100209365.9867327,
  "nrmsd": 0.008143232309727121,
  "monom_median": 1.0,
  "monom_mean": 0.9117098663305234
}