{
  "qerror_median": 5.36438525118274,
  "qerror_mean": 174.25044611290002,
  "qerror_10": 1.3068825910931174,
  "qerror_25": 2.2091134016766354,
  "qerror_75": 15.276762052417311,
  "qerror_90": 66.96415993054869,
  "mse": 9780528167717488.0,
  "rmsd": 98896552.86064065,
  "nrmsd": 0.008036550243038443,
  "monom_median": 1.0,
  "monom_mean": 0.9128390976653799
}