{
  "qerror_median": 4.128512795900693,
  "qerror_mean": 543.0766639686666,
  "qerror_10": 1.5558207632820737,
  "qerror_25": 2.4825412413412007,
  "qerror_75": 10.668160608446737,
  "qerror_90": 58.86056458511548,
  "mse": 9509400376391212.0,
  "rmsd": 97516154.43807867,
  "nrmsd": 0.007924376047301177,
  "monom_median": 1.0,
  "monom_mean": 0.8905433441004228
}