{
  "qerror_median": 4.223732357553581,
  "qerror_mean": 106.32491718116472,
  "qerror_10": 1.3947120276470586,
  "qerror_25": 2.0425197388659124,
  "qerror_75": 8.032992482834135,
  "qerror_90": 34.981996134232155,
  "mse": 9272710541960686.0,
  "rmsd": 96294914.41379802,
  "nrmsd": 0.007825135411201646,
  "monom_median": 1.0,
  "monom_mean": 0.9143359857139105
}