{
  "qerror_median": 8.16580483736447,
  "qerror_mean": 91.37054877113577,
  "qerror_10": 1.2180671098441107,
  "qerror_25": 1.7869839063439286,
  "qerror_75": 41.269544924154026,
  "qerror_90": 276.2298850574713,
  "mse": 9786019096406704.0,
  "rmsd": 98924309.93646963,
  "nrmsd": 0.008038805843744909,
  "monom_median": 1.0,
  "monom_mean": 0.9226082617715802
}