{
  "qerror_median": 4.4861576779384995,
  "qerror_mean": 58.25794651131061,
  "qerror_10": 1.2474066666103474,
  "qerror_25": 1.9167866411457006,
  "qerror_75": 16.493918125277148,
  "qerror_90": 81.27142857142879,
  "mse": 9697983844200952.0,
  "rmsd": 98478342.0057474,
  "nrmsd": 0.008002565514043188,
  "monom_median": 1.0,
  "monom_mean": 0.9117623887181912
}