{
  "qerror_median": 5.883842144452718,
  "qerror_mean": 237.07242881995933,
  "qerror_10": 1.5335011132570406,
  "qerror_25": 2.5030130322721167,
  "qerror_75": 15.11979039727029,
  "qerror_90": 63.006023029229404,
  "mse": 1.004593946203986e+16,
  "rmsd": 100229434.11014481,
  "nrmsd": 0.008144863089338945,
  "monom_median": 1.0,
  "monom_mean": 0.908309041729037
}