{
  "qerror_median": 5.984987739587642,
  "qerror_mean": 104.95536227919685,
  "qerror_10": 1.2043924584509664,
  "qerror_25": 1.933275238087093,
  "qerror_75": 23.666666666666668,
  "qerror_90": 124.09189022510022,
  "mse": 9570581878179546.0,
  "rmsd": 97829350.80117595,
  "nrmsd": 0.007949827068951195,
  "monom_median": 1.0,
  "monom_mean": 0.9038708999711127
}