{
  "qerror_median": 6.117616600432357,
  "qerror_mean": 114.46363718735033,
  "qerror_10": 1.3566255398497176,
  "qerror_25": 2.204634478252243,
  "qerror_75": 45.93816435077163,
  "qerror_90": 170.86926093514364,
  "mse": 9795053699174406.0,
  "rmsd": 98969963.6211634,
  "nrmsd": 0.008042515762040426,
  "monom_median": 1.0,
  "monom_mean": 0.9035557656451062
}