{
  "qerror_median": 4.728250670070847,
  "qerror_mean": 180.21532531804274,
  "qerror_10": 1.2645590742752535,
  "qerror_25": 1.71280276816609,
  "qerror_75": 11.795213503482135,
  "qerror_90": 79.38843436221644,
  "mse": 9583839838218282.0,
  "rmsd": 97897087.99662165,
  "nrmsd": 0.007955331541642865,
  "monom_median": 1.0,
  "monom_mean": 0.8448357362325691
}